adj	noun	attribute
stark	Willen	Charakter
stürmisch	Temperament	Charakter
sicher	Auftreten	Charakter
zart	Kinderseele	Charakter
zart	Seele	Charakter
zart	Gemüt	Charakter
hart	Arbeiter	Charakter
hart	Kerl	Charakter
hart	Kritiker	Charakter
hart	Mann	Charakter
rau	Bursche	Charakter
rau	Geselle	Charakter
rau	Kerl	Charakter
stark	Frau	Charakter
stark	Persönlichkeit	Charakter
stürmisch	Liebhaber	Charakter
wild	Geselle	Charakter
wild	Jäger	Charakter
wild	Reiter	Charakter
wild	Weib	Charakter
zäh	Verhandlungspartner	Charakter
frech	Papagei	Charakter
freundlich	Junge	Charakter
freundlich	Kerl	Charakter
freundlich	Frau	Charakter
freundlich	Mann	Charakter
freundlich	Hund	Charakter
freundlich	Kater	Charakter
freundlich	Arbeiter	Charakter
aggressiv	Hund	Charakter
aggressiv	Junge	Charakter
aggressiv	Kerl	Charakter
aggressiv	Frau	Charakter
aggressiv	Kater	Charakter
sanft	Gemüt	Charakter
sanft	Wesen	Charakter
sanft	Seele	Charakter
frech	Bursche	Charakter
frech	Eindringling	Charakter
frech	Gör	Charakter
frech	Göre	Charakter
frech	Junge	Charakter
frech	Kerl	Charakter
frech	Kater	Charakter
stark	Stellung	Kraft
stark	Auftritt	Kraft
stark	Leistung	Kraft
stark	Vorstellung	Kraft
mächtig	Stamm	Kraft
stark	Fraktion	Kraft
stark	Gruppe	Kraft
stark	Liga	Kraft
stark	Lobby	Kraft
stark	Macht	Kraft
stark	Mannschaft	Kraft
stark	Minderheit	Kraft
stark	Partei	Kraft
stark	Staat	Kraft
stark	Verband	Kraft
stark	Marke	Kraft
stark	Position	Kraft
stark	Argument	Kraft
stark	Spieler	Kraft
stark	Opposition	Kraft
einflussreich	Familie	Kraft
einflussreich	Gruppe	Kraft
einflussreich	Interessengruppe	Kraft
einflussreich	Kartell	Kraft
einflussreich	Konzern	Kraft
einflussreich	Lobby	Kraft
einflussreich	Lobbygruppe	Kraft
einflussreich	Militär	Kraft
einflussreich	Militärbündnis	Kraft
einflussreich	Nation	Kraft
einflussreich	Organisation	Kraft
einflussreich	Figur	Kraft
einflussreich	Frau	Kraft
mächtig	Einfluss	Kraft
mächtig	Block	Kraft
mächtig	Armee	Kraft
mächtig	Clan	Kraft
mächtig	Familie	Kraft
mächtig	Geheimdienst	Kraft
mächtig	Gewerkschaft	Kraft
karg	Ausstattung	Menge
reich	Quelle	Menge
reich	Ausbeute	Menge
reich	Beute	Menge
reich	Bodenschatz	Menge
reich	Ernte	Menge
reich	Ertrag	Menge
reich	Material	Menge
reich	Sammlung	Menge
knapp	Kalkulation	Menge
reich	Erfahrung	Menge
reich	Erfahrungsschatz	Menge
reich	Fundus	Menge
reich	Kultur	Menge
reich	Repertoire	Menge
reich	Tradition	Menge
reich	Inhalt	Menge
reich	Literatur	Menge
knapp	Drittel	Menge
knapp	Dutzend	Menge
knapp	Hälfte	Menge
knapp	Viertel	Menge
reich	Angebot	Menge
reich	Bestand	Menge
reich	Fülle	Menge
reich	Palette	Menge
reich	Schatz	Menge
reich	Auswahl	Menge
reich	Geschichte	Menge
reich	Vorkommen	Menge
reich	Fischgrund	Menge
reich	Betätigungsfeld	Menge
reich	Ölvorkommen	Menge
knapp	Auswahl	Menge
knapp	Gut	Menge
knapp	Ware	Menge
knapp	Raum	Menge
karg	Auskommen	Menge
karg	Budget	Menge
karg	Einkommen	Menge
karg	Ernte	Menge
karg	Gehalt	Menge
karg	Lebensunterhalt	Menge
karg	Lohn	Menge
karg	Rente	Menge
karg	Sold	Menge
knapp	Budget	Menge
knapp	Etat	Menge
knapp	Finanzen	Menge
knapp	Geld	Menge
knapp	Haushaltskasse	Menge
knapp	Kasse	Menge
knapp	Marge	Menge
knapp	Mittel	Menge
knapp	Kapazität	Menge
knapp	Haushaltslage	Menge
karg	Landwirtschaft	Menge
karg	Rest	Menge
knapp	Devise	Menge
karg	Ration	Menge
knapp	Angebot	Menge
knapp	Ressource	Menge
karg	Essen	Menge
karg	Frühstück	Menge
karg	Kost	Menge
karg	Mahl	Menge
karg	Mahlzeit	Menge
knapp	Rohstoff	Menge
karg	Freizeit	Menge
dick	Pott	Dimension
knapp	Badehose	Dimension
knapp	Bikini	Dimension
knapp	Kleid	Dimension
knapp	Kostüm	Dimension
knapp	Shorts	Dimension
mächtig	Kirche	Dimension
mächtig	Bau	Dimension
mächtig	Gebäude	Dimension
mächtig	Kathedrale	Dimension
mächtig	Kuppel	Dimension
mächtig	Mauer	Dimension
mächtig	Pfeiler	Dimension
mächtig	Säule	Dimension
mächtig	Turm	Dimension
knapp	Outfit	Dimension
mächtig	Gestalt	Dimension
steil	Aufstieg	Dimension
steil	Verlauf	Dimension
mächtig	Bauch	Dimension
mächtig	Kiefer	Dimension
mächtig	Körper	Dimension
mächtig	Schädel	Dimension
mächtig	Welle	Dimension
mächtig	Berg	Dimension
mächtig	Burg	Dimension
mächtig	Festung	Dimension
mächtig	Fluß	Dimension
mächtig	Strom	Dimension
sanft	Hang	Dimension
sanft	Hügel	Dimension
sanft	Hügelkette	Dimension
sanft	Hügelland	Dimension
sanft	Hügellandschaft	Dimension
sanft	Landschaft	Dimension
sanft	Tal	Dimension
mächtig	Baum	Dimension
mächtig	Eichen	Dimension
mächtig	Tier	Dimension
dick	Akte	Dimension
dick	Aktenordner	Dimension
dick	Balken	Dimension
dick	Brille	Dimension
dick	Brillenglas	Dimension
dick	Buch	Dimension
dick	Filzstift	Dimension
dick	Glasscheibe	Dimension
dick	Hornbrille	Dimension
dick	Katalog	Dimension
dick	Knüppel	Dimension
dick	Mauer	Dimension
dick	Ordner	Dimension
dick	Papier	Dimension
dick	Rohr	Dimension
dick	Roman	Dimension
dick	Scheibe	Dimension
dick	Seil	Dimension
dick	Sohle	Dimension
dick	Teppich	Dimension
dick	Verband	Dimension
dick	Wälzer	Dimension
dick	Wand	Dimension
steil	Abstieg	Dimension
steil	Bergstraße	Dimension
steil	Dach	Dimension
steil	Gasse	Dimension
steil	Giebel	Dimension
steil	Heckklappe	Dimension
steil	Holztreppe	Dimension
steil	Kurve	Dimension
steil	Pfad	Dimension
steil	Piste	Dimension
steil	Rampe	Dimension
steil	Rinne	Dimension
steil	Rolltreppe	Dimension
steil	Satteldach	Dimension
steil	Serpentine	Dimension
steil	Steintreppe	Dimension
frei	Betriebssystem	Gesellschaft
frei	Software	Gesellschaft
offen	Brief	Gesellschaft
offen	System	Gesellschaft
frei	Selbstbestimmung	Gesellschaft
frei	Zugang	Gesellschaft
frei	Verkauf	Gesellschaft
frei	Verkehr	Gesellschaft
frei	Warenverkehr	Gesellschaft
frei	Liebe	Gesellschaft
frei	Arztwahl	Gesellschaft
frei	Auswahl	Gesellschaft
frei	Beruf	Gesellschaft
frei	Wahl	Gesellschaft
offen	Abstimmung	Gesellschaft
offen	Auseinandersetzung	Gesellschaft
offen	Bekenntnis	Gesellschaft
offen	Bruch	Gesellschaft
offen	Kampf	Gesellschaft
offen	Konflikt	Gesellschaft
offen	Konfrontation	Gesellschaft
offen	Krieg	Gesellschaft
offen	Machtkampf	Gesellschaft
offen	Meisterschaft	Gesellschaft
offen	Wettbewerb	Gesellschaft
frei	Schule	Gesellschaft
frei	Tankstelle	Gesellschaft
offen	Bühne	Gesellschaft
offen	Gesellschaft	Gesellschaft
offen	Klasse	Gesellschaft
schwarz	Bevölkerung	Gesellschaft
frei	Entscheidung	Gesellschaft
frei	Kunst	Gesellschaft
frei	Wille	Gesellschaft
frei	Willen	Gesellschaft
offen	Feindseligkeit	Gesellschaft
frei	Austausch	Gesellschaft
frei	Internet	Gesellschaft
frei	Meinungsäußerung	Gesellschaft
frei	Wort	Gesellschaft
offen	Aussprache	Gesellschaft
offen	Debatte	Gesellschaft
offen	Dialog	Gesellschaft
offen	Diskussion	Gesellschaft
offen	Geheimnis	Gesellschaft
offen	Gespräch	Gesellschaft
offen	Internet	Gesellschaft
offen	Kritik	Gesellschaft
schwarz	Mehrheit	Gesellschaft
arm	Eltern	Gesellschaft
arm	Frau	Gesellschaft
arm	Kind	Gesellschaft
arm	Mädchen	Gesellschaft
arm	Mann	Gesellschaft
arm	Patient	Gesellschaft
arm	Schüler	Gesellschaft
arm	Vater	Gesellschaft
arm	Weib	Gesellschaft
frei	Journalistin	Gesellschaft
frei	Mann	Gesellschaft
frei	Mitarbeiter	Gesellschaft
frei	Schriftsteller	Gesellschaft
reich	Erbe	Gesellschaft
schwarz	Amerikaner	Gesellschaft
schwarz	Bürgerrechtler	Gesellschaft
schwarz	Frau	Gesellschaft
schwarz	Mann	Gesellschaft
schwarz	Präsident	Gesellschaft
schwarz	Sklave	Gesellschaft
schwarz	Südafrikaner	Gesellschaft
schwarz	Teenager	Gesellschaft
reich	Leben	Gesellschaft
frei	Ausbildungsplatz	Gesellschaft
frei	Lehrstelle	Gesellschaft
frei	Stelle	Gesellschaft
offen	Drogenszene	Gesellschaft
frei	Konkurrenz	Gesellschaft
offen	Feindschaft	Gesellschaft
offen	Schlagabtausch	Gesellschaft
offen	Streit	Gesellschaft
offen	Widerspruch	Gesellschaft
offen	Widerstand	Gesellschaft
frei	Tag	Gesellschaft
frei	Wochenende	Gesellschaft
frei	Zeit	Gesellschaft
arm	Bezirk	Gesellschaft
frei	Land	Gesellschaft
arm	Elternhaus	Gesellschaft
arm	Verhältnis	Gesellschaft
reich	Elternhaus	Gesellschaft
arm	Bauernfamilie	Gesellschaft
arm	Bevölkerung	Gesellschaft
arm	Bevölkerungsgruppe	Gesellschaft
arm	Bevölkerungsschicht	Gesellschaft
arm	Familie	Gesellschaft
arm	Gemeinde	Gesellschaft
arm	Haushalt	Gesellschaft
arm	Landbevölkerung	Gesellschaft
arm	Leute	Gesellschaft
arm	Masse	Gesellschaft
arm	Nation	Gesellschaft
arm	Volk	Gesellschaft
frei	Gesellschaft	Gesellschaft
frei	Gruppe	Gesellschaft
frei	Nation	Gesellschaft
frei	Presse	Gesellschaft
frei	Theater	Gesellschaft
frei	Unternehmertum	Gesellschaft
reich	Familie	Gesellschaft
reich	Gemeinde	Gesellschaft
reich	Geschäftsleute	Gesellschaft
reich	Haus	Gesellschaft
reich	Industriestaat	Gesellschaft
reich	Klub	Gesellschaft
reich	Leute	Gesellschaft
reich	Nation	Gesellschaft
reich	Oberschicht	Gesellschaft
reich	Privatleute	Gesellschaft
reich	Verein	Gesellschaft
arm	Amerikaner	Gesellschaft
arm	Arbeiter	Gesellschaft
arm	Bauer	Gesellschaft
arm	Bewohner	Gesellschaft
arm	Bruder	Gesellschaft
arm	Bürger	Gesellschaft
arm	Einwanderer	Gesellschaft
arm	Fischer	Gesellschaft
arm	Jude	Gesellschaft
arm	Mensch	Gesellschaft
arm	Nachbar	Gesellschaft
arm	Rentner	Gesellschaft
arm	Student	Gesellschaft
arm	Witwe	Gesellschaft
frei	Autor	Gesellschaft
frei	Bürger	Gesellschaft
frei	Journalist	Gesellschaft
frei	Mensch	Gesellschaft
reich	Amerikaner	Gesellschaft
reich	Amerikanerin	Gesellschaft
reich	Araber	Gesellschaft
reich	Ausländer	Gesellschaft
reich	Bankier	Gesellschaft
reich	Bauer	Gesellschaft
reich	Brite	Gesellschaft
reich	Bürger	Gesellschaft
reich	Chinese	Gesellschaft
reich	Dame	Gesellschaft
reich	Eltern	Gesellschaft
reich	Erbin	Gesellschaft
reich	Europäer	Gesellschaft
reich	Frau	Gesellschaft
reich	Freund	Gesellschaft
reich	Geschäftsmann	Gesellschaft
reich	Gönner	Gesellschaft
reich	Grieche	Gesellschaft
reich	Grundbesitzer	Gesellschaft
reich	Herr	Gesellschaft
reich	Jude	Gesellschaft
reich	Jüngling	Gesellschaft
reich	Kaufmann	Gesellschaft
reich	Kunde	Gesellschaft
reich	Mann	Gesellschaft
reich	Mensch	Gesellschaft
reich	Nachbar	Gesellschaft
reich	Onkel	Gesellschaft
reich	Privatkunde	Gesellschaft
reich	Rentner	Gesellschaft
reich	Russe	Gesellschaft
reich	Sammler	Gesellschaft
reich	Schweizer	Gesellschaft
herrlich	Ruhe	Bewertung
dunkel	Seite	Bewertung
dumm	Gefühl	Bewertung
dunkel	Ahnung	Bewertung
dunkel	Vorahnung	Bewertung
herrlich	Gefühl	Bewertung
herrlich	Spaß	Bewertung
dumm	Zufall	Bewertung
herrlich	Flanke	Bewertung
herrlich	Kopfball	Bewertung
herrlich	Parodie	Bewertung
herrlich	Paß	Bewertung
süß	Lächeln	Bewertung
dumm	Gesicht	Bewertung
süß	Schlaf	Bewertung
süß	Schlummer	Bewertung
dumm	Fehler	Bewertung
dumm	Stolz	Bewertung
dumm	Versehen	Bewertung
süß	Erinnerung	Bewertung
süß	Traum	Bewertung
dunkel	Geheimnis	Bewertung
herrlich	Tor	Bewertung
rund	Sache	Bewertung
süß	Baby	Bewertung
süß	Engel	Bewertung
süß	Fratz	Bewertung
süß	Freundin	Bewertung
süß	Junge	Bewertung
süß	Kleine	Bewertung
süß	Mädchen	Bewertung
süß	Mädel	Bewertung
süß	Tochter	Bewertung
süß	Zwilling	Bewertung
süß	Leben	Bewertung
herrlich	Kombination	Bewertung
süß	Hund	Bewertung
süß	Katze	Bewertung
süß	Tierchen	Bewertung
dumm	Sache	Bewertung
dunkel	Macht	Bewertung
schrecklich	Urlaub	Bewertung
wundervoll	Allee	Bewertung
wundervoll	Anblick	Bewertung
wundervoll	Ausblick	Bewertung
wundervoll	Aussicht	Bewertung
schrecklich	Bild	Bewertung
wundervoll	Blick	Bewertung
wundervoll	Duft	Bewertung
schrecklich	Farbe	Bewertung
wundervoll	Frühlingstag	Bewertung
wundervoll	Frühlingswetter	Bewertung
wundervoll	Garten	Bewertung
schrecklich	Gedicht	Bewertung
schrecklich	Gemälde	Bewertung
schrecklich	Gesang	Bewertung
schrecklich	Geschenk	Bewertung
schrecklich	Herbstwetter	Bewertung
schrecklich	Kostüm	Bewertung
wundervoll	Landschaft	Bewertung
wundervoll	Melodie	Bewertung
wundervoll	Musik	Bewertung
wundervoll	Panorama	Bewertung
wundervoll	Panoramablick	Bewertung
wundervoll	Park	Bewertung
wundervoll	Rundblick	Bewertung
schrecklich	Sache	Bewertung
wundervoll	Sandstrand	Bewertung
wundervoll	Seeblick	Bewertung
wundervoll	Sommerwetter	Bewertung
wundervoll	Sonne	Bewertung
wundervoll	Sonnenaufgang	Bewertung
wundervoll	Sonnenschein	Bewertung
wundervoll	Spätsommertag	Bewertung
wundervoll	Spätsommerwetter	Bewertung
schrecklich	Wein	Bewertung
schrecklich	Wetter	Bewertung
herrlich	Allee	Bewertung
herrlich	Bild	Bewertung
herrlich	Gemälde	Bewertung
herrlich	Kostüm	Bewertung
herrlich	Melodie	Bewertung
herrlich	Musik	Bewertung
karg	Schönheit	Klima
karg	Boden	Klima
karg	Sandboden	Klima
rau	Brandung	Klima
rau	Klima	Klima
rau	Wetter	Klima
rau	Witterung	Klima
karg	Acker	Klima
karg	Berg	Klima
karg	Berghang	Klima
karg	Bergland	Klima
karg	Berglandschaft	Klima
karg	Bergwelt	Klima
karg	Eiland	Klima
karg	Felslandschaft	Klima
karg	Gebirge	Klima
karg	Gegend	Klima
karg	Heidelandschaft	Klima
karg	Hinterland	Klima
karg	Hochebene	Klima
karg	Hochfläche	Klima
karg	Hochland	Klima
karg	Hügel	Klima
karg	Insel	Klima
karg	Landschaft	Klima
karg	Landstrich	Klima
karg	Lebensraum	Klima
karg	Mondlandschaft	Klima
karg	Natur	Klima
karg	Steppe	Klima
karg	Süden	Klima
karg	Tal	Klima
stürmisch	Fahrt	Klima
stürmisch	Seefahrt	Klima
stürmisch	Überfahrt	Klima
windig	Bedingung	Klima
stürmisch	Böe	Klima
stürmisch	Brandung	Klima
stürmisch	Gewitter	Klima
stürmisch	Regenwetter	Klima
stürmisch	Seegang	Klima
stürmisch	Südwestwind	Klima
stürmisch	Wellengang	Klima
stürmisch	Wetter	Klima
stürmisch	Wetterlage	Klima
stürmisch	Wind	Klima
stürmisch	Woge	Klima
windig	Wetter	Klima
stürmisch	Gewässer	Klima
stürmisch	Kap	Klima
stürmisch	Meer	Klima
stürmisch	Ozean	Klima
stürmisch	See	Klima
windig	Ecke	Klima
windig	Gegend	Klima
windig	Lage	Klima
windig	Strand	Klima
stürmisch	Herbst	Klima
stürmisch	Herbstnacht	Klima
stürmisch	Nacht	Klima
stürmisch	Wintertag	Klima
windig	Nachmittag	Klima
windig	Nacht	Klima
windig	Tag	Klima
historisch	Bau	Zeit
historisch	Bausubstanz	Zeit
historisch	Bauwerk	Zeit
historisch	Gebäude	Zeit
historisch	Instrument	Zeit
historisch	Rathaus	Zeit
scharf	Kurve	Zeit
scharf	Linkskurve	Zeit
spät	Arbeit	Zeit
spät	Bild	Zeit
spät	Schrift	Zeit
spät	Werk	Zeit
alt	Form	Zeit
spät	Ausgleich	Zeit
spät	Genugtuung	Zeit
spät	Glück	Zeit
scharf	Schnitt	Zeit
spät	Entwicklung	Zeit
spät	Erfolg	Zeit
spät	Karriere	Zeit
spät	Rache	Zeit
spät	Rückkehr	Zeit
spät	Sieg	Zeit
spät	Triumph	Zeit
spät	Verlauf	Zeit
spät	Versuch	Zeit
spät	Verwendung	Zeit
spät	Wiedergutmachung	Zeit
alt	Bundesregierung	Zeit
alt	Bundesrepublik	Zeit
alt	Regierung	Zeit
alt	Regime	Zeit
frischgebacken	Aufsteiger	Zeit
frischgebacken	Ehepaar	Zeit
frischgebacken	Pokalsieger	Zeit
spät	Generation	Zeit
alt	Stärke	Zeit
alt	Geschichte	Zeit
alt	Stil	Zeit
spät	Anerkennung	Zeit
spät	Einsicht	Zeit
spät	Entdeckung	Zeit
spät	Erkenntnis	Zeit
spät	Ruhm	Zeit
spät	Beitritt	Zeit
spät	Gedicht	Zeit
spät	Roman	Zeit
alt	Wert	Zeit
scharf	Rückgang	Zeit
spät	Tor	Zeit
alt	Grieche	Zeit
alt	Trainer	Zeit
frischgebacken	Abiturient	Zeit
frischgebacken	Doktor	Zeit
frischgebacken	Ehefrau	Zeit
frischgebacken	Ehemann	Zeit
frischgebacken	Eltern	Zeit
frischgebacken	Europameister	Zeit
frischgebacken	Geselle	Zeit
frischgebacken	Gewinner	Zeit
frischgebacken	Ingenieur	Zeit
frischgebacken	Leutnant	Zeit
frischgebacken	Meister	Zeit
frischgebacken	Mitglied	Zeit
frischgebacken	Mutter	Zeit
frischgebacken	Olympiasieger	Zeit
frischgebacken	Präsident	Zeit
frischgebacken	Professor	Zeit
frischgebacken	Vater	Zeit
abendlich	Abschluss	Zeit
baldig	Aufnahme	Zeit
jetzig	Augenblick	Zeit
baldig	Baubeginn	Zeit
baldig	Beginn	Zeit
jetzig	Datum	Zeit
baldig	Einführung	Zeit
baldig	Ende	Zeit
jetzig	Ende	Zeit
baldig	Eröffnung	Zeit
abendlich	Gang	Zeit
baldig	Geburt	Zeit
jetzig	Jahreszeit	Zeit
jetzig	Lage	Zeit
jetzig	Moment	Zeit
jetzig	Position	Zeit
abendlich	Runde	Zeit
jetzig	Runde	Zeit
jetzig	Sonntag	Zeit
jetzig	Standpunkt	Zeit
baldig	Start	Zeit
jetzig	Station	Zeit
abendlich	Stunde	Zeit
jetzig	Stunde	Zeit
baldig	Termin	Zeit
abendlich	Termin	Zeit
jetzig	Termin	Zeit
jetzig	Winter	Zeit
abendlich	Zeit	Zeit
jetzig	Zeit	Zeit
jetzig	Zeitalter	Zeit
jetzig	Zeitpunkt	Zeit
spät	Treffer	Zeit
frischgebacken	Brot	Zeit
spät	Abend	Zeit
spät	Abendstunde	Zeit
spät	Achtziger	Zeit
spät	Beginn	Zeit
spät	Dienstag	Zeit
spät	Dienstagabend	Zeit
spät	Dienstagnachmittag	Zeit
spät	Donnerstag	Zeit
spät	Donnerstagabend	Zeit
spät	Freitag	Zeit
spät	Freitagabend	Zeit
spät	Freitagnachmittag	Zeit
spät	Frühjahr	Zeit
spät	Fünfziger	Zeit
spät	Herbst	Zeit
spät	Mittelalter	Zeit
spät	Mittwoch	Zeit
spät	Mittwochabend	Zeit
spät	Mittwochnachmittag	Zeit
spät	Montag	Zeit
spät	Montagabend	Zeit
spät	Montagnachmittag	Zeit
spät	Nachmittag	Zeit
spät	Nacht	Zeit
spät	Neunziger	Zeit
spät	Samstag	Zeit
spät	Samstagabend	Zeit
spät	Sechziger	Zeit
spät	Siebziger	Zeit
spät	Sonnabend	Zeit
spät	Sonntag	Zeit
spät	Sonntagabend	Zeit
spät	Sonntagnachmittag	Zeit
spät	Vormittag	Zeit
spät	Zeitpunkt	Zeit
